trial,timestamp_utc,size_bytes,chunk_size,mode,alg,thread_count,ok,verifier_ok,elapsed_ms,throughput_gbps,checked_chunks,page_cache,split,tamper_class,is_tampered,format,measurement_kind
1,2026-09-27T06:34:32.896967+00:00,0,128,tamper-corpus,sha256,1,True,False,5.3421,,,small generated structural corpus,dev,append,True,gguf,direct
2,2026-09-27T06:34:32.900026+00:00,0,128,tamper-corpus,sha256,1,True,False,2.5546,,,small generated structural corpus,dev,bom_entry_drift,True,gguf,direct
3,2026-09-27T06:34:32.905874+00:00,0,128,tamper-corpus,sha256,1,True,False,5.1482,,,small generated structural corpus,dev,dependency_swap,True,gguf,direct
4,2026-09-27T06:34:32.910861+00:00,0,128,tamper-corpus,sha256,1,True,False,4.5276,,,small generated structural corpus,dev,metadata_architecture_edit,True,gguf,direct
5,2026-09-27T06:34:32.915599+00:00,0,128,tamper-corpus,sha256,1,True,False,4.329,,,small generated structural corpus,dev,metadata_chat_template_injection,True,gguf,direct
6,2026-09-27T06:34:32.922608+00:00,0,128,tamper-corpus,sha256,1,True,False,6.5977,,,small generated structural corpus,dev,metadata_tokenizer_edit,True,gguf,direct
7,2026-09-27T06:34:32.925813+00:00,0,128,tamper-corpus,sha256,1,True,False,2.7388,,,small generated structural corpus,dev,rollback_older_signed_version,True,gguf,direct
8,2026-09-27T06:34:32.927162+00:00,0,128,tamper-corpus,sha256,1,True,False,0.9541,,,small generated structural corpus,dev,signature_stripping,True,gguf,direct
9,2026-09-27T06:34:32.934621+00:00,0,128,tamper-corpus,sha256,1,True,False,7.0408,,,small generated structural corpus,dev,single_bit_header,True,gguf,direct
10,2026-09-27T06:34:32.948175+00:00,0,128,tamper-corpus,sha256,1,True,False,12.7996,,,small generated structural corpus,dev,single_bit_weights,True,gguf,direct
11,2026-09-27T06:34:32.957489+00:00,0,128,tamper-corpus,sha256,1,True,False,8.7672,,,small generated structural corpus,dev,substitution_same_name,True,gguf,direct
12,2026-09-27T06:34:32.967246+00:00,0,128,tamper-corpus,sha256,1,True,False,8.7073,,,small generated structural corpus,dev,tensor_swap,True,gguf,direct
13,2026-09-27T06:34:32.977705+00:00,0,128,tamper-corpus,sha256,1,True,False,9.5877,,,small generated structural corpus,dev,truncation,True,gguf,direct
14,2026-09-27T06:34:32.986200+00:00,0,128,tamper-corpus,sha256,1,True,True,7.5876,,,small generated structural corpus,dev,untampered,False,gguf,direct
15,2026-09-27T06:34:32.993743+00:00,0,128,tamper-corpus,sha256,1,True,False,5.7851,,,small generated structural corpus,dev,untrusted_signature,True,gguf,direct
16,2026-09-27T06:34:33.007406+00:00,0,128,tamper-corpus,sha256,1,True,False,12.2392,,,small generated structural corpus,dev,append,True,safetensors,direct
17,2026-09-27T06:34:33.012887+00:00,0,128,tamper-corpus,sha256,1,True,False,4.6028,,,small generated structural corpus,dev,bom_entry_drift,True,safetensors,direct
18,2026-09-27T06:34:33.022239+00:00,0,128,tamper-corpus,sha256,1,True,False,8.4679,,,small generated structural corpus,dev,dependency_swap,True,safetensors,direct
19,2026-09-27T06:34:33.029022+00:00,0,128,tamper-corpus,sha256,1,True,False,6.0694,,,small generated structural corpus,dev,metadata_architecture_edit,True,safetensors,direct
20,2026-09-27T06:34:33.037215+00:00,0,128,tamper-corpus,sha256,1,True,False,7.6798,,,small generated structural corpus,dev,metadata_chat_template_injection,True,safetensors,direct
21,2026-09-27T06:34:33.048942+00:00,0,128,tamper-corpus,sha256,1,True,False,9.8915,,,small generated structural corpus,dev,metadata_tokenizer_edit,True,safetensors,direct
22,2026-09-27T06:34:33.059229+00:00,0,128,tamper-corpus,sha256,1,True,False,6.4906,,,small generated structural corpus,dev,rollback_older_signed_version,True,safetensors,direct
23,2026-09-27T06:34:33.061627+00:00,0,128,tamper-corpus,sha256,1,True,False,1.3159,,,small generated structural corpus,dev,signature_stripping,True,safetensors,direct
24,2026-09-27T06:34:33.071298+00:00,0,128,tamper-corpus,sha256,1,True,False,9.1769,,,small generated structural corpus,dev,single_bit_header,True,safetensors,direct
25,2026-09-27T06:34:33.078790+00:00,0,128,tamper-corpus,sha256,1,True,False,6.5384,,,small generated structural corpus,dev,single_bit_weights,True,safetensors,direct
26,2026-09-27T06:34:33.088512+00:00,0,128,tamper-corpus,sha256,1,True,False,8.9183,,,small generated structural corpus,dev,substitution_same_name,True,safetensors,direct
27,2026-09-27T06:34:33.100622+00:00,0,128,tamper-corpus,sha256,1,True,False,10.7449,,,small generated structural corpus,dev,tensor_swap,True,safetensors,direct
28,2026-09-27T06:34:33.111274+00:00,0,128,tamper-corpus,sha256,1,True,False,9.5642,,,small generated structural corpus,dev,truncation,True,safetensors,direct
29,2026-09-27T06:34:33.122550+00:00,0,128,tamper-corpus,sha256,1,True,True,10.0014,,,small generated structural corpus,dev,untampered,False,safetensors,direct
30,2026-09-27T06:34:33.127075+00:00,0,128,tamper-corpus,sha256,1,True,False,3.5762,,,small generated structural corpus,dev,untrusted_signature,True,safetensors,direct
31,2026-09-27T06:34:33.176428+00:00,0,128,tamper-corpus,sha256,1,True,False,26.3225,,,small generated structural corpus,test,append,True,gguf,direct
32,2026-09-27T06:34:33.179941+00:00,0,128,tamper-corpus,sha256,1,True,False,2.8278,,,small generated structural corpus,test,bom_entry_drift,True,gguf,direct
33,2026-09-27T06:34:33.185585+00:00,0,128,tamper-corpus,sha256,1,True,False,5.1455,,,small generated structural corpus,test,dependency_swap,True,gguf,direct
34,2026-09-27T06:34:33.191483+00:00,0,128,tamper-corpus,sha256,1,True,False,5.4436,,,small generated structural corpus,test,metadata_architecture_edit,True,gguf,direct
35,2026-09-27T06:34:33.196535+00:00,0,128,tamper-corpus,sha256,1,True,False,4.1787,,,small generated structural corpus,test,metadata_chat_template_injection,True,gguf,direct
36,2026-09-27T06:34:33.201928+00:00,0,128,tamper-corpus,sha256,1,True,False,4.9395,,,small generated structural corpus,test,metadata_tokenizer_edit,True,gguf,direct
37,2026-09-27T06:34:33.205950+00:00,0,128,tamper-corpus,sha256,1,True,False,3.5781,,,small generated structural corpus,test,rollback_older_signed_version,True,gguf,direct
38,2026-09-27T06:34:33.207555+00:00,0,128,tamper-corpus,sha256,1,True,False,1.2011,,,small generated structural corpus,test,signature_stripping,True,gguf,direct
39,2026-09-27T06:34:33.212214+00:00,0,128,tamper-corpus,sha256,1,True,False,4.2135,,,small generated structural corpus,test,single_bit_header,True,gguf,direct
40,2026-09-27T06:34:33.216710+00:00,0,128,tamper-corpus,sha256,1,True,False,4.1053,,,small generated structural corpus,test,single_bit_weights,True,gguf,direct
41,2026-09-27T06:34:33.224197+00:00,0,128,tamper-corpus,sha256,1,True,False,7.1571,,,small generated structural corpus,test,substitution_same_name,True,gguf,direct
42,2026-09-27T06:34:33.230083+00:00,0,128,tamper-corpus,sha256,1,True,False,5.4398,,,small generated structural corpus,test,substitution_same_name,True,gguf,direct
43,2026-09-27T06:34:33.234885+00:00,0,128,tamper-corpus,sha256,1,True,False,4.1612,,,small generated structural corpus,test,substitution_same_name,True,gguf,direct
44,2026-09-27T06:34:33.240623+00:00,0,128,tamper-corpus,sha256,1,True,False,5.3835,,,small generated structural corpus,test,substitution_same_name,True,gguf,direct
45,2026-09-27T06:34:33.245598+00:00,0,128,tamper-corpus,sha256,1,True,False,4.0466,,,small generated structural corpus,test,substitution_same_name,True,gguf,direct
46,2026-09-27T06:34:33.250999+00:00,0,128,tamper-corpus,sha256,1,True,False,4.951,,,small generated structural corpus,test,substitution_same_name,True,gguf,direct
47,2026-09-27T06:34:33.258169+00:00,0,128,tamper-corpus,sha256,1,True,False,6.4297,,,small generated structural corpus,test,substitution_same_name,True,gguf,direct
48,2026-09-27T06:34:33.263297+00:00,0,128,tamper-corpus,sha256,1,True,False,4.595,,,small generated structural corpus,test,substitution_same_name,True,gguf,direct
49,2026-09-27T06:34:33.270153+00:00,0,128,tamper-corpus,sha256,1,True,False,6.4475,,,small generated structural corpus,test,substitution_same_name,True,gguf,direct
50,2026-09-27T06:34:33.275576+00:00,0,128,tamper-corpus,sha256,1,True,False,4.565,,,small generated structural corpus,test,substitution_same_name,True,gguf,direct
51,2026-09-27T06:34:33.281205+00:00,0,128,tamper-corpus,sha256,1,True,False,4.861,,,small generated structural corpus,test,substitution_same_name,True,gguf,direct
52,2026-09-27T06:34:33.287932+00:00,0,128,tamper-corpus,sha256,1,True,False,5.9142,,,small generated structural corpus,test,substitution_same_name,True,gguf,direct
53,2026-09-27T06:34:33.293359+00:00,0,128,tamper-corpus,sha256,1,True,False,4.6041,,,small generated structural corpus,test,substitution_same_name,True,gguf,direct
54,2026-09-27T06:34:33.299444+00:00,0,128,tamper-corpus,sha256,1,True,False,5.6499,,,small generated structural corpus,test,substitution_same_name,True,gguf,direct
55,2026-09-27T06:34:33.305617+00:00,0,128,tamper-corpus,sha256,1,True,False,5.7321,,,small generated structural corpus,test,substitution_same_name,True,gguf,direct
56,2026-09-27T06:34:33.310477+00:00,0,128,tamper-corpus,sha256,1,True,False,4.338,,,small generated structural corpus,test,substitution_same_name,True,gguf,direct
57,2026-09-27T06:34:33.315130+00:00,0,128,tamper-corpus,sha256,1,True,False,4.2359,,,small generated structural corpus,test,substitution_same_name,True,gguf,direct
58,2026-09-27T06:34:33.321922+00:00,0,128,tamper-corpus,sha256,1,True,False,6.2558,,,small generated structural corpus,test,substitution_same_name,True,gguf,direct
59,2026-09-27T06:34:33.326560+00:00,0,128,tamper-corpus,sha256,1,True,False,4.1153,,,small generated structural corpus,test,substitution_same_name,True,gguf,direct
60,2026-09-27T06:34:33.331679+00:00,0,128,tamper-corpus,sha256,1,True,False,4.6763,,,small generated structural corpus,test,substitution_same_name,True,gguf,direct
61,2026-09-27T06:34:33.338329+00:00,0,128,tamper-corpus,sha256,1,True,False,6.196,,,small generated structural corpus,test,substitution_same_name,True,gguf,direct
62,2026-09-27T06:34:33.343265+00:00,0,128,tamper-corpus,sha256,1,True,False,4.4645,,,small generated structural corpus,test,substitution_same_name,True,gguf,direct
63,2026-09-27T06:34:33.348153+00:00,0,128,tamper-corpus,sha256,1,True,False,4.4967,,,small generated structural corpus,test,substitution_same_name,True,gguf,direct
64,2026-09-27T06:34:33.353283+00:00,0,128,tamper-corpus,sha256,1,True,False,4.6169,,,small generated structural corpus,test,substitution_same_name,True,gguf,direct
65,2026-09-27T06:34:33.358096+00:00,0,128,tamper-corpus,sha256,1,True,False,4.2669,,,small generated structural corpus,test,substitution_same_name,True,gguf,direct
66,2026-09-27T06:34:33.363379+00:00,0,128,tamper-corpus,sha256,1,True,False,4.6809,,,small generated structural corpus,test,substitution_same_name,True,gguf,direct
67,2026-09-27T06:34:33.367918+00:00,0,128,tamper-corpus,sha256,1,True,False,4.0447,,,small generated structural corpus,test,substitution_same_name,True,gguf,direct
68,2026-09-27T06:34:33.373601+00:00,0,128,tamper-corpus,sha256,1,True,False,5.062,,,small generated structural corpus,test,substitution_same_name,True,gguf,direct
69,2026-09-27T06:34:33.378635+00:00,0,128,tamper-corpus,sha256,1,True,False,4.2793,,,small generated structural corpus,test,substitution_same_name,True,gguf,direct
70,2026-09-27T06:34:33.383012+00:00,0,128,tamper-corpus,sha256,1,True,False,3.9933,,,small generated structural corpus,test,substitution_same_name,True,gguf,direct
71,2026-09-27T06:34:33.389233+00:00,0,128,tamper-corpus,sha256,1,True,False,5.7793,,,small generated structural corpus,test,substitution_same_name,True,gguf,direct
72,2026-09-27T06:34:33.394282+00:00,0,128,tamper-corpus,sha256,1,True,False,4.5597,,,small generated structural corpus,test,substitution_same_name,True,gguf,direct
73,2026-09-27T06:34:33.401622+00:00,0,128,tamper-corpus,sha256,1,True,False,6.6134,,,small generated structural corpus,test,substitution_same_name,True,gguf,direct
74,2026-09-27T06:34:33.412926+00:00,0,128,tamper-corpus,sha256,1,True,False,7.6354,,,small generated structural corpus,test,substitution_same_name,True,gguf,direct
75,2026-09-27T06:34:33.419094+00:00,0,128,tamper-corpus,sha256,1,True,False,5.4938,,,small generated structural corpus,test,substitution_same_name,True,gguf,direct
76,2026-09-27T06:34:33.426200+00:00,0,128,tamper-corpus,sha256,1,True,False,5.6298,,,small generated structural corpus,test,substitution_same_name,True,gguf,direct
77,2026-09-27T06:34:33.432372+00:00,0,128,tamper-corpus,sha256,1,True,False,5.6663,,,small generated structural corpus,test,substitution_same_name,True,gguf,direct
78,2026-09-27T06:34:33.438889+00:00,0,128,tamper-corpus,sha256,1,True,False,5.7253,,,small generated structural corpus,test,substitution_same_name,True,gguf,direct
79,2026-09-27T06:34:33.445707+00:00,0,128,tamper-corpus,sha256,1,True,False,5.5456,,,small generated structural corpus,test,substitution_same_name,True,gguf,direct
80,2026-09-27T06:34:33.450368+00:00,0,128,tamper-corpus,sha256,1,True,False,4.1255,,,small generated structural corpus,test,substitution_same_name,True,gguf,direct
81,2026-09-27T06:34:33.455718+00:00,0,128,tamper-corpus,sha256,1,True,False,4.8961,,,small generated structural corpus,test,substitution_same_name,True,gguf,direct
82,2026-09-27T06:34:33.460905+00:00,0,128,tamper-corpus,sha256,1,True,False,4.7531,,,small generated structural corpus,test,substitution_same_name,True,gguf,direct
83,2026-09-27T06:34:33.465825+00:00,0,128,tamper-corpus,sha256,1,True,False,4.5758,,,small generated structural corpus,test,substitution_same_name,True,gguf,direct
84,2026-09-27T06:34:33.470181+00:00,0,128,tamper-corpus,sha256,1,True,False,3.9834,,,small generated structural corpus,test,substitution_same_name,True,gguf,direct
85,2026-09-27T06:34:33.474813+00:00,0,128,tamper-corpus,sha256,1,True,False,4.22,,,small generated structural corpus,test,substitution_same_name,True,gguf,direct
86,2026-09-27T06:34:33.479336+00:00,0,128,tamper-corpus,sha256,1,True,False,4.1982,,,small generated structural corpus,test,substitution_same_name,True,gguf,direct
87,2026-09-27T06:34:33.484621+00:00,0,128,tamper-corpus,sha256,1,True,False,4.3784,,,small generated structural corpus,test,substitution_same_name,True,gguf,direct
88,2026-09-27T06:34:33.489505+00:00,0,128,tamper-corpus,sha256,1,True,False,4.5074,,,small generated structural corpus,test,substitution_same_name,True,gguf,direct
89,2026-09-27T06:34:33.494440+00:00,0,128,tamper-corpus,sha256,1,True,False,4.3251,,,small generated structural corpus,test,substitution_same_name,True,gguf,direct
90,2026-09-27T06:34:33.499501+00:00,0,128,tamper-corpus,sha256,1,True,False,4.6635,,,small generated structural corpus,test,substitution_same_name,True,gguf,direct
91,2026-09-27T06:34:33.504901+00:00,0,128,tamper-corpus,sha256,1,True,False,5.056,,,small generated structural corpus,test,substitution_same_name,True,gguf,direct
92,2026-09-27T06:34:33.509597+00:00,0,128,tamper-corpus,sha256,1,True,False,4.2423,,,small generated structural corpus,test,substitution_same_name,True,gguf,direct
93,2026-09-27T06:34:33.514351+00:00,0,128,tamper-corpus,sha256,1,True,False,4.2389,,,small generated structural corpus,test,substitution_same_name,True,gguf,direct
94,2026-09-27T06:34:33.518638+00:00,0,128,tamper-corpus,sha256,1,True,False,3.8155,,,small generated structural corpus,test,substitution_same_name,True,gguf,direct
95,2026-09-27T06:34:33.524317+00:00,0,128,tamper-corpus,sha256,1,True,False,4.8653,,,small generated structural corpus,test,substitution_same_name,True,gguf,direct
96,2026-09-27T06:34:33.528964+00:00,0,128,tamper-corpus,sha256,1,True,False,4.2275,,,small generated structural corpus,test,substitution_same_name,True,gguf,direct
97,2026-09-27T06:34:33.533548+00:00,0,128,tamper-corpus,sha256,1,True,False,4.1248,,,small generated structural corpus,test,substitution_same_name,True,gguf,direct
98,2026-09-27T06:34:33.538717+00:00,0,128,tamper-corpus,sha256,1,True,False,4.782,,,small generated structural corpus,test,substitution_same_name,True,gguf,direct
99,2026-09-27T06:34:33.543379+00:00,0,128,tamper-corpus,sha256,1,True,False,4.2839,,,small generated structural corpus,test,substitution_same_name,True,gguf,direct
100,2026-09-27T06:34:33.549227+00:00,0,128,tamper-corpus,sha256,1,True,False,5.302,,,small generated structural corpus,test,substitution_same_name,True,gguf,direct
101,2026-09-27T06:34:33.555988+00:00,0,128,tamper-corpus,sha256,1,True,False,6.4037,,,small generated structural corpus,test,substitution_same_name,True,gguf,direct
102,2026-09-27T06:34:33.565763+00:00,0,128,tamper-corpus,sha256,1,True,False,9.1273,,,small generated structural corpus,test,substitution_same_name,True,gguf,direct
103,2026-09-27T06:34:33.573972+00:00,0,128,tamper-corpus,sha256,1,True,False,7.3853,,,small generated structural corpus,test,substitution_same_name,True,gguf,direct
104,2026-09-27T06:34:33.579072+00:00,0,128,tamper-corpus,sha256,1,True,False,4.3796,,,small generated structural corpus,test,substitution_same_name,True,gguf,direct
105,2026-09-27T06:34:33.583711+00:00,0,128,tamper-corpus,sha256,1,True,False,4.2408,,,small generated structural corpus,test,substitution_same_name,True,gguf,direct
106,2026-09-27T06:34:33.589502+00:00,0,128,tamper-corpus,sha256,1,True,False,5.2319,,,small generated structural corpus,test,substitution_same_name,True,gguf,direct
107,2026-09-27T06:34:33.594909+00:00,0,128,tamper-corpus,sha256,1,True,False,4.9182,,,small generated structural corpus,test,substitution_same_name,True,gguf,direct
108,2026-09-27T06:34:33.599947+00:00,0,128,tamper-corpus,sha256,1,True,False,4.561,,,small generated structural corpus,test,substitution_same_name,True,gguf,direct
109,2026-09-27T06:34:33.605305+00:00,0,128,tamper-corpus,sha256,1,True,False,4.922,,,small generated structural corpus,test,substitution_same_name,True,gguf,direct
110,2026-09-27T06:34:33.610851+00:00,0,128,tamper-corpus,sha256,1,True,False,4.8925,,,small generated structural corpus,test,substitution_same_name,True,gguf,direct
111,2026-09-27T06:34:33.615622+00:00,0,128,tamper-corpus,sha256,1,True,False,4.2117,,,small generated structural corpus,test,substitution_same_name,True,gguf,direct
112,2026-09-27T06:34:33.620243+00:00,0,128,tamper-corpus,sha256,1,True,False,4.2698,,,small generated structural corpus,test,substitution_same_name,True,gguf,direct
113,2026-09-27T06:34:33.625846+00:00,0,128,tamper-corpus,sha256,1,True,False,4.9537,,,small generated structural corpus,test,substitution_same_name,True,gguf,direct
114,2026-09-27T06:34:33.630257+00:00,0,128,tamper-corpus,sha256,1,True,False,4.0068,,,small generated structural corpus,test,substitution_same_name,True,gguf,direct
115,2026-09-27T06:34:33.634475+00:00,0,128,tamper-corpus,sha256,1,True,False,3.7772,,,small generated structural corpus,test,substitution_same_name,True,gguf,direct
116,2026-09-27T06:34:33.640871+00:00,0,128,tamper-corpus,sha256,1,True,False,5.9795,,,small generated structural corpus,test,substitution_same_name,True,gguf,direct
117,2026-09-27T06:34:33.645417+00:00,0,128,tamper-corpus,sha256,1,True,False,4.1164,,,small generated structural corpus,test,substitution_same_name,True,gguf,direct
118,2026-09-27T06:34:33.650305+00:00,0,128,tamper-corpus,sha256,1,True,False,4.4252,,,small generated structural corpus,test,substitution_same_name,True,gguf,direct
119,2026-09-27T06:34:33.655870+00:00,0,128,tamper-corpus,sha256,1,True,False,5.1461,,,small generated structural corpus,test,substitution_same_name,True,gguf,direct
120,2026-09-27T06:34:33.666712+00:00,0,128,tamper-corpus,sha256,1,True,False,9.9953,,,small generated structural corpus,test,substitution_same_name,True,gguf,direct
121,2026-09-27T06:34:33.676871+00:00,0,128,tamper-corpus,sha256,1,True,False,9.1195,,,small generated structural corpus,test,substitution_same_name,True,gguf,direct
122,2026-09-27T06:34:33.684868+00:00,0,128,tamper-corpus,sha256,1,True,False,7.4123,,,small generated structural corpus,test,substitution_same_name,True,gguf,direct
123,2026-09-27T06:34:33.696499+00:00,0,128,tamper-corpus,sha256,1,True,False,10.5692,,,small generated structural corpus,test,substitution_same_name,True,gguf,direct
124,2026-09-27T06:34:33.708606+00:00,0,128,tamper-corpus,sha256,1,True,False,10.9121,,,small generated structural corpus,test,substitution_same_name,True,gguf,direct
125,2026-09-27T06:34:33.715459+00:00,0,128,tamper-corpus,sha256,1,True,False,5.9868,,,small generated structural corpus,test,substitution_same_name,True,gguf,direct
126,2026-09-27T06:34:33.725917+00:00,0,128,tamper-corpus,sha256,1,True,False,9.3749,,,small generated structural corpus,test,substitution_same_name,True,gguf,direct
127,2026-09-27T06:34:33.731594+00:00,0,128,tamper-corpus,sha256,1,True,False,5.1004,,,small generated structural corpus,test,substitution_same_name,True,gguf,direct
128,2026-09-27T06:34:33.736712+00:00,0,128,tamper-corpus,sha256,1,True,False,4.5467,,,small generated structural corpus,test,substitution_same_name,True,gguf,direct
129,2026-09-27T06:34:33.742411+00:00,0,128,tamper-corpus,sha256,1,True,False,5.22,,,small generated structural corpus,test,substitution_same_name,True,gguf,direct
130,2026-09-27T06:34:33.747350+00:00,0,128,tamper-corpus,sha256,1,True,False,4.4196,,,small generated structural corpus,test,substitution_same_name,True,gguf,direct
131,2026-09-27T06:34:33.752317+00:00,0,128,tamper-corpus,sha256,1,True,False,4.518,,,small generated structural corpus,test,substitution_same_name,True,gguf,direct
132,2026-09-27T06:34:33.758000+00:00,0,128,tamper-corpus,sha256,1,True,False,5.2035,,,small generated structural corpus,test,substitution_same_name,True,gguf,direct
133,2026-09-27T06:34:33.763162+00:00,0,128,tamper-corpus,sha256,1,True,False,4.5169,,,small generated structural corpus,test,substitution_same_name,True,gguf,direct
134,2026-09-27T06:34:33.767965+00:00,0,128,tamper-corpus,sha256,1,True,False,4.2772,,,small generated structural corpus,test,substitution_same_name,True,gguf,direct
135,2026-09-27T06:34:33.773143+00:00,0,128,tamper-corpus,sha256,1,True,False,4.7463,,,small generated structural corpus,test,substitution_same_name,True,gguf,direct
136,2026-09-27T06:34:33.777548+00:00,0,128,tamper-corpus,sha256,1,True,False,3.9192,,,small generated structural corpus,test,substitution_same_name,True,gguf,direct
137,2026-09-27T06:34:33.782376+00:00,0,128,tamper-corpus,sha256,1,True,False,4.0868,,,small generated structural corpus,test,substitution_same_name,True,gguf,direct
138,2026-09-27T06:34:33.787697+00:00,0,128,tamper-corpus,sha256,1,True,False,4.7516,,,small generated structural corpus,test,substitution_same_name,True,gguf,direct
139,2026-09-27T06:34:33.793008+00:00,0,128,tamper-corpus,sha256,1,True,False,4.22,,,small generated structural corpus,test,substitution_same_name,True,gguf,direct
140,2026-09-27T06:34:33.797986+00:00,0,128,tamper-corpus,sha256,1,True,False,4.4931,,,small generated structural corpus,test,substitution_same_name,True,gguf,direct
141,2026-09-27T06:34:33.804508+00:00,0,128,tamper-corpus,sha256,1,True,False,6.0802,,,small generated structural corpus,test,substitution_same_name,True,gguf,direct
142,2026-09-27T06:34:33.809939+00:00,0,128,tamper-corpus,sha256,1,True,False,4.8346,,,small generated structural corpus,test,substitution_same_name,True,gguf,direct
143,2026-09-27T06:34:33.815077+00:00,0,128,tamper-corpus,sha256,1,True,False,4.736,,,small generated structural corpus,test,substitution_same_name,True,gguf,direct
144,2026-09-27T06:34:33.820143+00:00,0,128,tamper-corpus,sha256,1,True,False,4.6699,,,small generated structural corpus,test,substitution_same_name,True,gguf,direct
145,2026-09-27T06:34:33.825750+00:00,0,128,tamper-corpus,sha256,1,True,False,4.728,,,small generated structural corpus,test,substitution_same_name,True,gguf,direct
146,2026-09-27T06:34:33.832637+00:00,0,128,tamper-corpus,sha256,1,True,False,5.9671,,,small generated structural corpus,test,substitution_same_name,True,gguf,direct
147,2026-09-27T06:34:33.839696+00:00,0,128,tamper-corpus,sha256,1,True,False,6.4082,,,small generated structural corpus,test,substitution_same_name,True,gguf,direct
148,2026-09-27T06:34:33.845967+00:00,0,128,tamper-corpus,sha256,1,True,False,5.8147,,,small generated structural corpus,test,substitution_same_name,True,gguf,direct
149,2026-09-27T06:34:33.851170+00:00,0,128,tamper-corpus,sha256,1,True,False,4.7478,,,small generated structural corpus,test,substitution_same_name,True,gguf,direct
150,2026-09-27T06:34:33.858520+00:00,0,128,tamper-corpus,sha256,1,True,False,6.5224,,,small generated structural corpus,test,substitution_same_name,True,gguf,direct
151,2026-09-27T06:34:33.864687+00:00,0,128,tamper-corpus,sha256,1,True,False,5.7333,,,small generated structural corpus,test,substitution_same_name,True,gguf,direct
152,2026-09-27T06:34:33.870375+00:00,0,128,tamper-corpus,sha256,1,True,False,5.2983,,,small generated structural corpus,test,substitution_same_name,True,gguf,direct
153,2026-09-27T06:34:33.876093+00:00,0,128,tamper-corpus,sha256,1,True,False,5.1449,,,small generated structural corpus,test,substitution_same_name,True,gguf,direct
154,2026-09-27T06:34:33.881681+00:00,0,128,tamper-corpus,sha256,1,True,False,5.0189,,,small generated structural corpus,test,substitution_same_name,True,gguf,direct
155,2026-09-27T06:34:33.886800+00:00,0,128,tamper-corpus,sha256,1,True,False,4.7179,,,small generated structural corpus,test,substitution_same_name,True,gguf,direct
156,2026-09-27T06:34:33.893007+00:00,0,128,tamper-corpus,sha256,1,True,False,5.1629,,,small generated structural corpus,test,substitution_same_name,True,gguf,direct
157,2026-09-27T06:34:33.898376+00:00,0,128,tamper-corpus,sha256,1,True,False,4.7632,,,small generated structural corpus,test,substitution_same_name,True,gguf,direct
158,2026-09-27T06:34:33.903833+00:00,0,128,tamper-corpus,sha256,1,True,False,4.8582,,,small generated structural corpus,test,substitution_same_name,True,gguf,direct
159,2026-09-27T06:34:33.909761+00:00,0,128,tamper-corpus,sha256,1,True,False,5.2919,,,small generated structural corpus,test,substitution_same_name,True,gguf,direct
160,2026-09-27T06:34:33.914797+00:00,0,128,tamper-corpus,sha256,1,True,False,4.4575,,,small generated structural corpus,test,substitution_same_name,True,gguf,direct
161,2026-09-27T06:34:33.920595+00:00,0,128,tamper-corpus,sha256,1,True,False,5.2241,,,small generated structural corpus,test,substitution_same_name,True,gguf,direct
162,2026-09-27T06:34:33.926077+00:00,0,128,tamper-corpus,sha256,1,True,False,4.9045,,,small generated structural corpus,test,substitution_same_name,True,gguf,direct
163,2026-09-27T06:34:33.930978+00:00,0,128,tamper-corpus,sha256,1,True,False,4.4773,,,small generated structural corpus,test,substitution_same_name,True,gguf,direct
164,2026-09-27T06:34:33.935755+00:00,0,128,tamper-corpus,sha256,1,True,False,4.4113,,,small generated structural corpus,test,substitution_same_name,True,gguf,direct
165,2026-09-27T06:34:33.942064+00:00,0,128,tamper-corpus,sha256,1,True,False,5.7349,,,small generated structural corpus,test,substitution_same_name,True,gguf,direct
166,2026-09-27T06:34:33.947157+00:00,0,128,tamper-corpus,sha256,1,True,False,4.6221,,,small generated structural corpus,test,substitution_same_name,True,gguf,direct
167,2026-09-27T06:34:33.952440+00:00,0,128,tamper-corpus,sha256,1,True,False,4.8354,,,small generated structural corpus,test,substitution_same_name,True,gguf,direct
168,2026-09-27T06:34:33.958304+00:00,0,128,tamper-corpus,sha256,1,True,False,5.4328,,,small generated structural corpus,test,substitution_same_name,True,gguf,direct
169,2026-09-27T06:34:33.963733+00:00,0,128,tamper-corpus,sha256,1,True,False,4.7053,,,small generated structural corpus,test,substitution_same_name,True,gguf,direct
170,2026-09-27T06:34:33.968682+00:00,0,128,tamper-corpus,sha256,1,True,False,4.5478,,,small generated structural corpus,test,substitution_same_name,True,gguf,direct
171,2026-09-27T06:34:33.974475+00:00,0,128,tamper-corpus,sha256,1,True,False,5.3047,,,small generated structural corpus,test,substitution_same_name,True,gguf,direct
172,2026-09-27T06:34:33.979323+00:00,0,128,tamper-corpus,sha256,1,True,False,4.4176,,,small generated structural corpus,test,substitution_same_name,True,gguf,direct
173,2026-09-27T06:34:33.984821+00:00,0,128,tamper-corpus,sha256,1,True,False,4.8376,,,small generated structural corpus,test,substitution_same_name,True,gguf,direct
174,2026-09-27T06:34:33.990773+00:00,0,128,tamper-corpus,sha256,1,True,False,5.4369,,,small generated structural corpus,test,substitution_same_name,True,gguf,direct
175,2026-09-27T06:34:33.996356+00:00,0,128,tamper-corpus,sha256,1,True,False,5.0235,,,small generated structural corpus,test,substitution_same_name,True,gguf,direct
176,2026-09-27T06:34:34.001910+00:00,0,128,tamper-corpus,sha256,1,True,False,4.9893,,,small generated structural corpus,test,substitution_same_name,True,gguf,direct
177,2026-09-27T06:34:34.007648+00:00,0,128,tamper-corpus,sha256,1,True,False,5.3188,,,small generated structural corpus,test,substitution_same_name,True,gguf,direct
178,2026-09-27T06:34:34.012830+00:00,0,128,tamper-corpus,sha256,1,True,False,4.6864,,,small generated structural corpus,test,substitution_same_name,True,gguf,direct
179,2026-09-27T06:34:34.018151+00:00,0,128,tamper-corpus,sha256,1,True,False,4.7963,,,small generated structural corpus,test,substitution_same_name,True,gguf,direct
180,2026-09-27T06:34:34.023813+00:00,0,128,tamper-corpus,sha256,1,True,False,5.092,,,small generated structural corpus,test,substitution_same_name,True,gguf,direct
181,2026-09-27T06:34:34.028819+00:00,0,128,tamper-corpus,sha256,1,True,False,4.5844,,,small generated structural corpus,test,substitution_same_name,True,gguf,direct
182,2026-09-27T06:34:34.033592+00:00,0,128,tamper-corpus,sha256,1,True,False,4.3634,,,small generated structural corpus,test,substitution_same_name,True,gguf,direct
183,2026-09-27T06:34:34.040048+00:00,0,128,tamper-corpus,sha256,1,True,False,5.8539,,,small generated structural corpus,test,substitution_same_name,True,gguf,direct
184,2026-09-27T06:34:34.046374+00:00,0,128,tamper-corpus,sha256,1,True,False,5.8451,,,small generated structural corpus,test,substitution_same_name,True,gguf,direct
185,2026-09-27T06:34:34.052059+00:00,0,128,tamper-corpus,sha256,1,True,False,5.2743,,,small generated structural corpus,test,substitution_same_name,True,gguf,direct
186,2026-09-27T06:34:34.058818+00:00,0,128,tamper-corpus,sha256,1,True,False,6.3214,,,small generated structural corpus,test,substitution_same_name,True,gguf,direct
187,2026-09-27T06:34:34.064354+00:00,0,128,tamper-corpus,sha256,1,True,False,5.0825,,,small generated structural corpus,test,substitution_same_name,True,gguf,direct
188,2026-09-27T06:34:34.070432+00:00,0,128,tamper-corpus,sha256,1,True,False,5.677,,,small generated structural corpus,test,substitution_same_name,True,gguf,direct
189,2026-09-27T06:34:34.075859+00:00,0,128,tamper-corpus,sha256,1,True,False,4.7642,,,small generated structural corpus,test,substitution_same_name,True,gguf,direct
190,2026-09-27T06:34:34.080617+00:00,0,128,tamper-corpus,sha256,1,True,False,4.2562,,,small generated structural corpus,test,substitution_same_name,True,gguf,direct
191,2026-09-27T06:34:34.085931+00:00,0,128,tamper-corpus,sha256,1,True,False,4.8348,,,small generated structural corpus,test,substitution_same_name,True,gguf,direct
192,2026-09-27T06:34:34.091627+00:00,0,128,tamper-corpus,sha256,1,True,False,4.9115,,,small generated structural corpus,test,substitution_same_name,True,gguf,direct
193,2026-09-27T06:34:34.097041+00:00,0,128,tamper-corpus,sha256,1,True,False,4.8485,,,small generated structural corpus,test,substitution_same_name,True,gguf,direct
194,2026-09-27T06:34:34.101908+00:00,0,128,tamper-corpus,sha256,1,True,False,4.4651,,,small generated structural corpus,test,substitution_same_name,True,gguf,direct
195,2026-09-27T06:34:34.107873+00:00,0,128,tamper-corpus,sha256,1,True,False,5.4884,,,small generated structural corpus,test,substitution_same_name,True,gguf,direct
196,2026-09-27T06:34:34.113058+00:00,0,128,tamper-corpus,sha256,1,True,False,4.4806,,,small generated structural corpus,test,substitution_same_name,True,gguf,direct
197,2026-09-27T06:34:34.118363+00:00,0,128,tamper-corpus,sha256,1,True,False,4.6651,,,small generated structural corpus,test,substitution_same_name,True,gguf,direct
198,2026-09-27T06:34:34.125087+00:00,0,128,tamper-corpus,sha256,1,True,False,6.174,,,small generated structural corpus,test,substitution_same_name,True,gguf,direct
199,2026-09-27T06:34:34.130200+00:00,0,128,tamper-corpus,sha256,1,True,False,4.6405,,,small generated structural corpus,test,substitution_same_name,True,gguf,direct
200,2026-09-27T06:34:34.134981+00:00,0,128,tamper-corpus,sha256,1,True,False,4.3022,,,small generated structural corpus,test,substitution_same_name,True,gguf,direct
201,2026-09-27T06:34:34.139926+00:00,0,128,tamper-corpus,sha256,1,True,False,4.5135,,,small generated structural corpus,test,substitution_same_name,True,gguf,direct
202,2026-09-27T06:34:34.145364+00:00,0,128,tamper-corpus,sha256,1,True,False,4.6417,,,small generated structural corpus,test,substitution_same_name,True,gguf,direct
203,2026-09-27T06:34:34.150873+00:00,0,128,tamper-corpus,sha256,1,True,False,4.9861,,,small generated structural corpus,test,substitution_same_name,True,gguf,direct
204,2026-09-27T06:34:34.156405+00:00,0,128,tamper-corpus,sha256,1,True,False,5.1425,,,small generated structural corpus,test,substitution_same_name,True,gguf,direct
205,2026-09-27T06:34:34.162098+00:00,0,128,tamper-corpus,sha256,1,True,False,5.2708,,,small generated structural corpus,test,substitution_same_name,True,gguf,direct
206,2026-09-27T06:34:34.169123+00:00,0,128,tamper-corpus,sha256,1,True,False,5.1242,,,small generated structural corpus,test,substitution_same_name,True,gguf,direct
207,2026-09-27T06:34:34.176630+00:00,0,128,tamper-corpus,sha256,1,True,False,6.125,,,small generated structural corpus,test,substitution_same_name,True,gguf,direct
208,2026-09-27T06:34:34.182168+00:00,0,128,tamper-corpus,sha256,1,True,False,5.0901,,,small generated structural corpus,test,substitution_same_name,True,gguf,direct
209,2026-09-27T06:34:34.187346+00:00,0,128,tamper-corpus,sha256,1,True,False,4.7505,,,small generated structural corpus,test,substitution_same_name,True,gguf,direct
210,2026-09-27T06:34:34.192653+00:00,0,128,tamper-corpus,sha256,1,True,False,4.7203,,,small generated structural corpus,test,substitution_same_name,True,gguf,direct
211,2026-09-27T06:34:34.197556+00:00,0,128,tamper-corpus,sha256,1,True,False,4.4405,,,small generated structural corpus,test,substitution_same_name,True,gguf,direct
212,2026-09-27T06:34:34.202848+00:00,0,128,tamper-corpus,sha256,1,True,False,4.9183,,,small generated structural corpus,test,substitution_same_name,True,gguf,direct
213,2026-09-27T06:34:34.213665+00:00,0,128,tamper-corpus,sha256,1,True,False,10.0644,,,small generated structural corpus,test,substitution_same_name,True,gguf,direct
214,2026-09-27T06:34:34.225076+00:00,0,128,tamper-corpus,sha256,1,True,False,10.5295,,,small generated structural corpus,test,substitution_same_name,True,gguf,direct
215,2026-09-27T06:34:34.233233+00:00,0,128,tamper-corpus,sha256,1,True,False,6.7884,,,small generated structural corpus,test,substitution_same_name,True,gguf,direct
216,2026-09-27T06:34:34.246219+00:00,0,128,tamper-corpus,sha256,1,True,False,12.192,,,small generated structural corpus,test,substitution_same_name,True,gguf,direct
217,2026-09-27T06:34:34.260387+00:00,0,128,tamper-corpus,sha256,1,True,False,13.575,,,small generated structural corpus,test,substitution_same_name,True,gguf,direct
218,2026-09-27T06:34:34.267990+00:00,0,128,tamper-corpus,sha256,1,True,False,6.0151,,,small generated structural corpus,test,substitution_same_name,True,gguf,direct
219,2026-09-27T06:34:34.274895+00:00,0,128,tamper-corpus,sha256,1,True,False,6.3136,,,small generated structural corpus,test,substitution_same_name,True,gguf,direct
220,2026-09-27T06:34:34.281626+00:00,0,128,tamper-corpus,sha256,1,True,False,6.2019,,,small generated structural corpus,test,substitution_same_name,True,gguf,direct
221,2026-09-27T06:34:34.287974+00:00,0,128,tamper-corpus,sha256,1,True,False,5.914,,,small generated structural corpus,test,substitution_same_name,True,gguf,direct
222,2026-09-27T06:34:34.294167+00:00,0,128,tamper-corpus,sha256,1,True,False,5.5418,,,small generated structural corpus,test,substitution_same_name,True,gguf,direct
223,2026-09-27T06:34:34.302365+00:00,0,128,tamper-corpus,sha256,1,True,False,7.3143,,,small generated structural corpus,test,substitution_same_name,True,gguf,direct
224,2026-09-27T06:34:34.308743+00:00,0,128,tamper-corpus,sha256,1,True,False,5.8249,,,small generated structural corpus,test,substitution_same_name,True,gguf,direct
225,2026-09-27T06:34:34.314556+00:00,0,128,tamper-corpus,sha256,1,True,False,5.0979,,,small generated structural corpus,test,substitution_same_name,True,gguf,direct
226,2026-09-27T06:34:34.320226+00:00,0,128,tamper-corpus,sha256,1,True,False,5.0904,,,small generated structural corpus,test,substitution_same_name,True,gguf,direct
227,2026-09-27T06:34:34.325548+00:00,0,128,tamper-corpus,sha256,1,True,False,4.628,,,small generated structural corpus,test,substitution_same_name,True,gguf,direct
228,2026-09-27T06:34:34.330478+00:00,0,128,tamper-corpus,sha256,1,True,False,4.367,,,small generated structural corpus,test,substitution_same_name,True,gguf,direct
229,2026-09-27T06:34:34.335106+00:00,0,128,tamper-corpus,sha256,1,True,False,4.2442,,,small generated structural corpus,test,substitution_same_name,True,gguf,direct
230,2026-09-27T06:34:34.340662+00:00,0,128,tamper-corpus,sha256,1,True,False,4.6909,,,small generated structural corpus,test,substitution_same_name,True,gguf,direct
231,2026-09-27T06:34:34.345552+00:00,0,128,tamper-corpus,sha256,1,True,False,4.13,,,small generated structural corpus,test,substitution_same_name,True,gguf,direct
232,2026-09-27T06:34:34.350185+00:00,0,128,tamper-corpus,sha256,1,True,False,4.2032,,,small generated structural corpus,test,substitution_same_name,True,gguf,direct
233,2026-09-27T06:34:34.356223+00:00,0,128,tamper-corpus,sha256,1,True,False,5.6391,,,small generated structural corpus,test,substitution_same_name,True,gguf,direct
234,2026-09-27T06:34:34.361406+00:00,0,128,tamper-corpus,sha256,1,True,False,4.597,,,small generated structural corpus,test,substitution_same_name,True,gguf,direct
235,2026-09-27T06:34:34.366106+00:00,0,128,tamper-corpus,sha256,1,True,False,4.2007,,,small generated structural corpus,test,substitution_same_name,True,gguf,direct
236,2026-09-27T06:34:34.371121+00:00,0,128,tamper-corpus,sha256,1,True,False,4.505,,,small generated structural corpus,test,substitution_same_name,True,gguf,direct
237,2026-09-27T06:34:34.376299+00:00,0,128,tamper-corpus,sha256,1,True,False,4.6737,,,small generated structural corpus,test,substitution_same_name,True,gguf,direct
238,2026-09-27T06:34:34.380941+00:00,0,128,tamper-corpus,sha256,1,True,False,4.1994,,,small generated structural corpus,test,substitution_same_name,True,gguf,direct
239,2026-09-27T06:34:34.385591+00:00,0,128,tamper-corpus,sha256,1,True,False,4.2776,,,small generated structural corpus,test,substitution_same_name,True,gguf,direct
240,2026-09-27T06:34:34.391620+00:00,0,128,tamper-corpus,sha256,1,True,False,5.7004,,,small generated structural corpus,test,substitution_same_name,True,gguf,direct
241,2026-09-27T06:34:34.396790+00:00,0,128,tamper-corpus,sha256,1,True,False,4.6077,,,small generated structural corpus,test,tensor_swap,True,gguf,direct
242,2026-09-27T06:34:34.405524+00:00,0,128,tamper-corpus,sha256,1,True,False,8.1664,,,small generated structural corpus,test,truncation,True,gguf,direct
243,2026-09-27T06:34:34.418979+00:00,0,128,tamper-corpus,sha256,1,True,True,10.9041,,,small generated structural corpus,test,untampered,False,gguf,direct
244,2026-09-27T06:34:34.428521+00:00,0,128,tamper-corpus,sha256,1,True,True,8.5053,,,small generated structural corpus,test,untampered,False,gguf,direct
245,2026-09-27T06:34:34.435495+00:00,0,128,tamper-corpus,sha256,1,True,True,6.0355,,,small generated structural corpus,test,untampered,False,gguf,direct
246,2026-09-27T06:34:34.442672+00:00,0,128,tamper-corpus,sha256,1,True,True,6.7165,,,small generated structural corpus,test,untampered,False,gguf,direct
247,2026-09-27T06:34:34.449465+00:00,0,128,tamper-corpus,sha256,1,True,True,6.1031,,,small generated structural corpus,test,untampered,False,gguf,direct
248,2026-09-27T06:34:34.455995+00:00,0,128,tamper-corpus,sha256,1,True,True,6.089,,,small generated structural corpus,test,untampered,False,gguf,direct
249,2026-09-27T06:34:34.462435+00:00,0,128,tamper-corpus,sha256,1,True,True,5.6793,,,small generated structural corpus,test,untampered,False,gguf,direct
250,2026-09-27T06:34:34.467607+00:00,0,128,tamper-corpus,sha256,1,True,True,4.5847,,,small generated structural corpus,test,untampered,False,gguf,direct
251,2026-09-27T06:34:34.473568+00:00,0,128,tamper-corpus,sha256,1,True,True,5.4017,,,small generated structural corpus,test,untampered,False,gguf,direct
252,2026-09-27T06:34:34.478608+00:00,0,128,tamper-corpus,sha256,1,True,True,4.4599,,,small generated structural corpus,test,untampered,False,gguf,direct
253,2026-09-27T06:34:34.483621+00:00,0,128,tamper-corpus,sha256,1,True,True,4.6033,,,small generated structural corpus,test,untampered,False,gguf,direct
254,2026-09-27T06:34:34.492656+00:00,0,128,tamper-corpus,sha256,1,True,True,8.6572,,,small generated structural corpus,test,untampered,False,gguf,direct
255,2026-09-27T06:34:34.498494+00:00,0,128,tamper-corpus,sha256,1,True,True,5.2031,,,small generated structural corpus,test,untampered,False,gguf,direct
256,2026-09-27T06:34:34.504829+00:00,0,128,tamper-corpus,sha256,1,True,True,5.7301,,,small generated structural corpus,test,untampered,False,gguf,direct
257,2026-09-27T06:34:34.510993+00:00,0,128,tamper-corpus,sha256,1,True,True,5.5268,,,small generated structural corpus,test,untampered,False,gguf,direct
258,2026-09-27T06:34:34.516524+00:00,0,128,tamper-corpus,sha256,1,True,True,4.9767,,,small generated structural corpus,test,untampered,False,gguf,direct
259,2026-09-27T06:34:34.522755+00:00,0,128,tamper-corpus,sha256,1,True,True,5.6567,,,small generated structural corpus,test,untampered,False,gguf,direct
260,2026-09-27T06:34:34.528314+00:00,0,128,tamper-corpus,sha256,1,True,True,5.0267,,,small generated structural corpus,test,untampered,False,gguf,direct
261,2026-09-27T06:34:34.533221+00:00,0,128,tamper-corpus,sha256,1,True,True,4.5094,,,small generated structural corpus,test,untampered,False,gguf,direct
262,2026-09-27T06:34:34.539599+00:00,0,128,tamper-corpus,sha256,1,True,True,5.9399,,,small generated structural corpus,test,untampered,False,gguf,direct
263,2026-09-27T06:34:34.544653+00:00,0,128,tamper-corpus,sha256,1,True,True,4.5826,,,small generated structural corpus,test,untampered,False,gguf,direct
264,2026-09-27T06:34:34.551662+00:00,0,128,tamper-corpus,sha256,1,True,True,6.2678,,,small generated structural corpus,test,untampered,False,gguf,direct
265,2026-09-27T06:34:34.558773+00:00,0,128,tamper-corpus,sha256,1,True,True,6.3868,,,small generated structural corpus,test,untampered,False,gguf,direct
266,2026-09-27T06:34:34.563507+00:00,0,128,tamper-corpus,sha256,1,True,True,4.239,,,small generated structural corpus,test,untampered,False,gguf,direct
267,2026-09-27T06:34:34.568601+00:00,0,128,tamper-corpus,sha256,1,True,True,4.6184,,,small generated structural corpus,test,untampered,False,gguf,direct
268,2026-09-27T06:34:34.574101+00:00,0,128,tamper-corpus,sha256,1,True,True,5.124,,,small generated structural corpus,test,untampered,False,gguf,direct
269,2026-09-27T06:34:34.579063+00:00,0,128,tamper-corpus,sha256,1,True,True,4.4676,,,small generated structural corpus,test,untampered,False,gguf,direct
270,2026-09-27T06:34:34.583508+00:00,0,128,tamper-corpus,sha256,1,True,True,3.8953,,,small generated structural corpus,test,untampered,False,gguf,direct
271,2026-09-27T06:34:34.589079+00:00,0,128,tamper-corpus,sha256,1,True,True,5.1444,,,small generated structural corpus,test,untampered,False,gguf,direct
272,2026-09-27T06:34:34.594049+00:00,0,128,tamper-corpus,sha256,1,True,True,4.4048,,,small generated structural corpus,test,untampered,False,gguf,direct
273,2026-09-27T06:34:34.599264+00:00,0,128,tamper-corpus,sha256,1,True,True,4.773,,,small generated structural corpus,test,untampered,False,gguf,direct
274,2026-09-27T06:34:34.605380+00:00,0,128,tamper-corpus,sha256,1,True,True,5.4588,,,small generated structural corpus,test,untampered,False,gguf,direct
275,2026-09-27T06:34:34.611113+00:00,0,128,tamper-corpus,sha256,1,True,True,5.2408,,,small generated structural corpus,test,untampered,False,gguf,direct
276,2026-09-27T06:34:34.618791+00:00,0,128,tamper-corpus,sha256,1,True,True,7.0841,,,small generated structural corpus,test,untampered,False,gguf,direct
277,2026-09-27T06:34:34.626254+00:00,0,128,tamper-corpus,sha256,1,True,True,6.7309,,,small generated structural corpus,test,untampered,False,gguf,direct
278,2026-09-27T06:34:34.631302+00:00,0,128,tamper-corpus,sha256,1,True,True,4.4672,,,small generated structural corpus,test,untampered,False,gguf,direct
279,2026-09-27T06:34:34.636987+00:00,0,128,tamper-corpus,sha256,1,True,True,5.0636,,,small generated structural corpus,test,untampered,False,gguf,direct
280,2026-09-27T06:34:34.641997+00:00,0,128,tamper-corpus,sha256,1,True,True,4.351,,,small generated structural corpus,test,untampered,False,gguf,direct
281,2026-09-27T06:34:34.647770+00:00,0,128,tamper-corpus,sha256,1,True,True,4.8248,,,small generated structural corpus,test,untampered,False,gguf,direct
282,2026-09-27T06:34:34.652734+00:00,0,128,tamper-corpus,sha256,1,True,True,4.5959,,,small generated structural corpus,test,untampered,False,gguf,direct
283,2026-09-27T06:34:34.659119+00:00,0,128,tamper-corpus,sha256,1,True,True,5.6049,,,small generated structural corpus,test,untampered,False,gguf,direct
284,2026-09-27T06:34:34.668426+00:00,0,128,tamper-corpus,sha256,1,True,True,8.2222,,,small generated structural corpus,test,untampered,False,gguf,direct
285,2026-09-27T06:34:34.677998+00:00,0,128,tamper-corpus,sha256,1,True,True,8.5863,,,small generated structural corpus,test,untampered,False,gguf,direct
286,2026-09-27T06:34:34.688897+00:00,0,128,tamper-corpus,sha256,1,True,True,9.9545,,,small generated structural corpus,test,untampered,False,gguf,direct
287,2026-09-27T06:34:34.696336+00:00,0,128,tamper-corpus,sha256,1,True,True,6.8394,,,small generated structural corpus,test,untampered,False,gguf,direct
288,2026-09-27T06:34:34.704665+00:00,0,128,tamper-corpus,sha256,1,True,True,7.7938,,,small generated structural corpus,test,untampered,False,gguf,direct
289,2026-09-27T06:34:34.713346+00:00,0,128,tamper-corpus,sha256,1,True,True,6.7055,,,small generated structural corpus,test,untampered,False,gguf,direct
290,2026-09-27T06:34:34.723451+00:00,0,128,tamper-corpus,sha256,1,True,True,9.1905,,,small generated structural corpus,test,untampered,False,gguf,direct
291,2026-09-27T06:34:34.729550+00:00,0,128,tamper-corpus,sha256,1,True,True,5.5898,,,small generated structural corpus,test,untampered,False,gguf,direct
292,2026-09-27T06:34:34.734482+00:00,0,128,tamper-corpus,sha256,1,True,True,4.4303,,,small generated structural corpus,test,untampered,False,gguf,direct
293,2026-09-27T06:34:34.740148+00:00,0,128,tamper-corpus,sha256,1,True,True,5.1101,,,small generated structural corpus,test,untampered,False,gguf,direct
294,2026-09-27T06:34:34.745364+00:00,0,128,tamper-corpus,sha256,1,True,True,4.7416,,,small generated structural corpus,test,untampered,False,gguf,direct
295,2026-09-27T06:34:34.750102+00:00,0,128,tamper-corpus,sha256,1,True,True,4.3198,,,small generated structural corpus,test,untampered,False,gguf,direct
296,2026-09-27T06:34:34.755933+00:00,0,128,tamper-corpus,sha256,1,True,True,5.4572,,,small generated structural corpus,test,untampered,False,gguf,direct
297,2026-09-27T06:34:34.761114+00:00,0,128,tamper-corpus,sha256,1,True,True,4.7173,,,small generated structural corpus,test,untampered,False,gguf,direct
298,2026-09-27T06:34:34.766660+00:00,0,128,tamper-corpus,sha256,1,True,True,4.8961,,,small generated structural corpus,test,untampered,False,gguf,direct
299,2026-09-27T06:34:34.776507+00:00,0,128,tamper-corpus,sha256,1,True,True,9.4887,,,small generated structural corpus,test,untampered,False,gguf,direct
300,2026-09-27T06:34:34.784294+00:00,0,128,tamper-corpus,sha256,1,True,True,6.9232,,,small generated structural corpus,test,untampered,False,gguf,direct
301,2026-09-27T06:34:34.791898+00:00,0,128,tamper-corpus,sha256,1,True,True,5.8583,,,small generated structural corpus,test,untampered,False,gguf,direct
302,2026-09-27T06:34:34.797425+00:00,0,128,tamper-corpus,sha256,1,True,True,5.1327,,,small generated structural corpus,test,untampered,False,gguf,direct
303,2026-09-27T06:34:34.802836+00:00,0,128,tamper-corpus,sha256,1,True,True,4.6598,,,small generated structural corpus,test,untampered,False,gguf,direct
304,2026-09-27T06:34:34.808335+00:00,0,128,tamper-corpus,sha256,1,True,True,4.9341,,,small generated structural corpus,test,untampered,False,gguf,direct
305,2026-09-27T06:34:34.813891+00:00,0,128,tamper-corpus,sha256,1,True,True,5.1312,,,small generated structural corpus,test,untampered,False,gguf,direct
306,2026-09-27T06:34:34.818466+00:00,0,128,tamper-corpus,sha256,1,True,True,4.1631,,,small generated structural corpus,test,untampered,False,gguf,direct
307,2026-09-27T06:34:34.824105+00:00,0,128,tamper-corpus,sha256,1,True,True,5.06,,,small generated structural corpus,test,untampered,False,gguf,direct
308,2026-09-27T06:34:34.828347+00:00,0,128,tamper-corpus,sha256,1,True,True,3.8708,,,small generated structural corpus,test,untampered,False,gguf,direct
309,2026-09-27T06:34:34.833658+00:00,0,128,tamper-corpus,sha256,1,True,True,4.8091,,,small generated structural corpus,test,untampered,False,gguf,direct
310,2026-09-27T06:34:34.839903+00:00,0,128,tamper-corpus,sha256,1,True,True,5.7358,,,small generated structural corpus,test,untampered,False,gguf,direct
311,2026-09-27T06:34:34.845138+00:00,0,128,tamper-corpus,sha256,1,True,True,4.7825,,,small generated structural corpus,test,untampered,False,gguf,direct
312,2026-09-27T06:34:34.850434+00:00,0,128,tamper-corpus,sha256,1,True,True,4.7782,,,small generated structural corpus,test,untampered,False,gguf,direct
313,2026-09-27T06:34:34.856002+00:00,0,128,tamper-corpus,sha256,1,True,True,5.1085,,,small generated structural corpus,test,untampered,False,gguf,direct
314,2026-09-27T06:34:34.861817+00:00,0,128,tamper-corpus,sha256,1,True,True,5.374,,,small generated structural corpus,test,untampered,False,gguf,direct
315,2026-09-27T06:34:34.873013+00:00,0,128,tamper-corpus,sha256,1,True,True,10.687,,,small generated structural corpus,test,untampered,False,gguf,direct
316,2026-09-27T06:34:34.879296+00:00,0,128,tamper-corpus,sha256,1,True,True,5.5473,,,small generated structural corpus,test,untampered,False,gguf,direct
317,2026-09-27T06:34:34.886034+00:00,0,128,tamper-corpus,sha256,1,True,True,6.3615,,,small generated structural corpus,test,untampered,False,gguf,direct
318,2026-09-27T06:34:34.893738+00:00,0,128,tamper-corpus,sha256,1,True,True,5.7738,,,small generated structural corpus,test,untampered,False,gguf,direct
319,2026-09-27T06:34:34.901206+00:00,0,128,tamper-corpus,sha256,1,True,True,6.8662,,,small generated structural corpus,test,untampered,False,gguf,direct
320,2026-09-27T06:34:34.908413+00:00,0,128,tamper-corpus,sha256,1,True,True,6.5293,,,small generated structural corpus,test,untampered,False,gguf,direct
321,2026-09-27T06:34:34.915547+00:00,0,128,tamper-corpus,sha256,1,True,True,6.4998,,,small generated structural corpus,test,untampered,False,gguf,direct
322,2026-09-27T06:34:34.922386+00:00,0,128,tamper-corpus,sha256,1,True,True,6.1686,,,small generated structural corpus,test,untampered,False,gguf,direct
323,2026-09-27T06:34:34.937609+00:00,0,128,tamper-corpus,sha256,1,True,True,14.6978,,,small generated structural corpus,test,untampered,False,gguf,direct
324,2026-09-27T06:34:34.944972+00:00,0,128,tamper-corpus,sha256,1,True,True,6.58,,,small generated structural corpus,test,untampered,False,gguf,direct
325,2026-09-27T06:34:34.951541+00:00,0,128,tamper-corpus,sha256,1,True,True,5.9134,,,small generated structural corpus,test,untampered,False,gguf,direct
326,2026-09-27T06:34:34.959144+00:00,0,128,tamper-corpus,sha256,1,True,True,7.005,,,small generated structural corpus,test,untampered,False,gguf,direct
327,2026-09-27T06:34:34.966885+00:00,0,128,tamper-corpus,sha256,1,True,True,6.806,,,small generated structural corpus,test,untampered,False,gguf,direct
328,2026-09-27T06:34:34.975908+00:00,0,128,tamper-corpus,sha256,1,True,True,8.3864,,,small generated structural corpus,test,untampered,False,gguf,direct
329,2026-09-27T06:34:34.986164+00:00,0,128,tamper-corpus,sha256,1,True,True,9.1455,,,small generated structural corpus,test,untampered,False,gguf,direct
330,2026-09-27T06:34:35.001477+00:00,0,128,tamper-corpus,sha256,1,True,True,14.259,,,small generated structural corpus,test,untampered,False,gguf,direct
331,2026-09-27T06:34:35.011175+00:00,0,128,tamper-corpus,sha256,1,True,True,8.8028,,,small generated structural corpus,test,untampered,False,gguf,direct
332,2026-09-27T06:34:35.020235+00:00,0,128,tamper-corpus,sha256,1,True,True,8.0484,,,small generated structural corpus,test,untampered,False,gguf,direct
333,2026-09-27T06:34:35.027277+00:00,0,128,tamper-corpus,sha256,1,True,True,6.1717,,,small generated structural corpus,test,untampered,False,gguf,direct
334,2026-09-27T06:34:35.035307+00:00,0,128,tamper-corpus,sha256,1,True,True,7.4212,,,small generated structural corpus,test,untampered,False,gguf,direct
335,2026-09-27T06:34:35.044940+00:00,0,128,tamper-corpus,sha256,1,True,True,8.9716,,,small generated structural corpus,test,untampered,False,gguf,direct
336,2026-09-27T06:34:35.054390+00:00,0,128,tamper-corpus,sha256,1,True,True,8.6445,,,small generated structural corpus,test,untampered,False,gguf,direct
337,2026-09-27T06:34:35.066772+00:00,0,128,tamper-corpus,sha256,1,True,True,11.2072,,,small generated structural corpus,test,untampered,False,gguf,direct
338,2026-09-27T06:34:35.074511+00:00,0,128,tamper-corpus,sha256,1,True,True,7.0123,,,small generated structural corpus,test,untampered,False,gguf,direct
339,2026-09-27T06:34:35.082447+00:00,0,128,tamper-corpus,sha256,1,True,True,6.7951,,,small generated structural corpus,test,untampered,False,gguf,direct
340,2026-09-27T06:34:35.090845+00:00,0,128,tamper-corpus,sha256,1,True,True,7.7636,,,small generated structural corpus,test,untampered,False,gguf,direct
341,2026-09-27T06:34:35.100876+00:00,0,128,tamper-corpus,sha256,1,True,True,9.5564,,,small generated structural corpus,test,untampered,False,gguf,direct
342,2026-09-27T06:34:35.107096+00:00,0,128,tamper-corpus,sha256,1,True,True,5.6374,,,small generated structural corpus,test,untampered,False,gguf,direct
343,2026-09-27T06:34:35.124702+00:00,0,128,tamper-corpus,sha256,1,True,True,17.0338,,,small generated structural corpus,test,untampered,False,gguf,direct
344,2026-09-27T06:34:35.131147+00:00,0,128,tamper-corpus,sha256,1,True,True,5.4535,,,small generated structural corpus,test,untampered,False,gguf,direct
345,2026-09-27T06:34:35.137040+00:00,0,128,tamper-corpus,sha256,1,True,True,5.314,,,small generated structural corpus,test,untampered,False,gguf,direct
346,2026-09-27T06:34:35.143097+00:00,0,128,tamper-corpus,sha256,1,True,True,5.3238,,,small generated structural corpus,test,untampered,False,gguf,direct
347,2026-09-27T06:34:35.149254+00:00,0,128,tamper-corpus,sha256,1,True,True,5.3951,,,small generated structural corpus,test,untampered,False,gguf,direct
348,2026-09-27T06:34:35.156733+00:00,0,128,tamper-corpus,sha256,1,True,True,6.9596,,,small generated structural corpus,test,untampered,False,gguf,direct
349,2026-09-27T06:34:35.163188+00:00,0,128,tamper-corpus,sha256,1,True,True,5.9124,,,small generated structural corpus,test,untampered,False,gguf,direct
350,2026-09-27T06:34:35.170316+00:00,0,128,tamper-corpus,sha256,1,True,True,6.3069,,,small generated structural corpus,test,untampered,False,gguf,direct
351,2026-09-27T06:34:35.176534+00:00,0,128,tamper-corpus,sha256,1,True,True,5.3787,,,small generated structural corpus,test,untampered,False,gguf,direct
352,2026-09-27T06:34:35.181598+00:00,0,128,tamper-corpus,sha256,1,True,True,4.6222,,,small generated structural corpus,test,untampered,False,gguf,direct
353,2026-09-27T06:34:35.188774+00:00,0,128,tamper-corpus,sha256,1,True,True,6.6162,,,small generated structural corpus,test,untampered,False,gguf,direct
354,2026-09-27T06:34:35.195644+00:00,0,128,tamper-corpus,sha256,1,True,True,6.2068,,,small generated structural corpus,test,untampered,False,gguf,direct
355,2026-09-27T06:34:35.201542+00:00,0,128,tamper-corpus,sha256,1,True,True,5.4531,,,small generated structural corpus,test,untampered,False,gguf,direct
356,2026-09-27T06:34:35.208556+00:00,0,128,tamper-corpus,sha256,1,True,True,6.4028,,,small generated structural corpus,test,untampered,False,gguf,direct
357,2026-09-27T06:34:35.214891+00:00,0,128,tamper-corpus,sha256,1,True,True,5.6756,,,small generated structural corpus,test,untampered,False,gguf,direct
358,2026-09-27T06:34:35.226624+00:00,0,128,tamper-corpus,sha256,1,True,True,11.1216,,,small generated structural corpus,test,untampered,False,gguf,direct
359,2026-09-27T06:34:35.234979+00:00,0,128,tamper-corpus,sha256,1,True,True,7.6824,,,small generated structural corpus,test,untampered,False,gguf,direct
360,2026-09-27T06:34:35.244840+00:00,0,128,tamper-corpus,sha256,1,True,True,9.0744,,,small generated structural corpus,test,untampered,False,gguf,direct
361,2026-09-27T06:34:35.250917+00:00,0,128,tamper-corpus,sha256,1,True,True,5.5187,,,small generated structural corpus,test,untampered,False,gguf,direct
362,2026-09-27T06:34:35.259365+00:00,0,128,tamper-corpus,sha256,1,True,True,7.7846,,,small generated structural corpus,test,untampered,False,gguf,direct
363,2026-09-27T06:34:35.266826+00:00,0,128,tamper-corpus,sha256,1,True,True,6.777,,,small generated structural corpus,test,untampered,False,gguf,direct
364,2026-09-27T06:34:35.274840+00:00,0,128,tamper-corpus,sha256,1,True,True,7.387,,,small generated structural corpus,test,untampered,False,gguf,direct
365,2026-09-27T06:34:35.282339+00:00,0,128,tamper-corpus,sha256,1,True,True,6.8298,,,small generated structural corpus,test,untampered,False,gguf,direct
366,2026-09-27T06:34:35.291905+00:00,0,128,tamper-corpus,sha256,1,True,True,8.4436,,,small generated structural corpus,test,untampered,False,gguf,direct
367,2026-09-27T06:34:35.302003+00:00,0,128,tamper-corpus,sha256,1,True,True,9.3972,,,small generated structural corpus,test,untampered,False,gguf,direct
368,2026-09-27T06:34:35.332097+00:00,0,128,tamper-corpus,sha256,1,True,True,24.9317,,,small generated structural corpus,test,untampered,False,gguf,direct
369,2026-09-27T06:34:35.343782+00:00,0,128,tamper-corpus,sha256,1,True,True,10.104,,,small generated structural corpus,test,untampered,False,gguf,direct
370,2026-09-27T06:34:35.356437+00:00,0,128,tamper-corpus,sha256,1,True,True,11.8598,,,small generated structural corpus,test,untampered,False,gguf,direct
371,2026-09-27T06:34:35.368473+00:00,0,128,tamper-corpus,sha256,1,True,True,11.202,,,small generated structural corpus,test,untampered,False,gguf,direct
372,2026-09-27T06:34:35.377949+00:00,0,128,tamper-corpus,sha256,1,True,True,8.515,,,small generated structural corpus,test,untampered,False,gguf,direct
373,2026-09-27T06:34:35.390201+00:00,0,128,tamper-corpus,sha256,1,True,True,11.305,,,small generated structural corpus,test,untampered,False,gguf,direct
374,2026-09-27T06:34:35.403452+00:00,0,128,tamper-corpus,sha256,1,True,True,11.8949,,,small generated structural corpus,test,untampered,False,gguf,direct
375,2026-09-27T06:34:35.428120+00:00,0,128,tamper-corpus,sha256,1,True,True,23.8701,,,small generated structural corpus,test,untampered,False,gguf,direct
376,2026-09-27T06:34:35.447314+00:00,0,128,tamper-corpus,sha256,1,True,True,18.4314,,,small generated structural corpus,test,untampered,False,gguf,direct
377,2026-09-27T06:34:35.468689+00:00,0,128,tamper-corpus,sha256,1,True,True,20.7748,,,small generated structural corpus,test,untampered,False,gguf,direct
378,2026-09-27T06:34:35.477047+00:00,0,128,tamper-corpus,sha256,1,True,True,7.9082,,,small generated structural corpus,test,untampered,False,gguf,direct
379,2026-09-27T06:34:35.482086+00:00,0,128,tamper-corpus,sha256,1,True,True,4.4051,,,small generated structural corpus,test,untampered,False,gguf,direct
380,2026-09-27T06:34:35.490043+00:00,0,128,tamper-corpus,sha256,1,True,True,7.5193,,,small generated structural corpus,test,untampered,False,gguf,direct
381,2026-09-27T06:34:35.515079+00:00,0,128,tamper-corpus,sha256,1,True,True,20.4179,,,small generated structural corpus,test,untampered,False,gguf,direct
382,2026-09-27T06:34:35.533571+00:00,0,128,tamper-corpus,sha256,1,True,True,16.74,,,small generated structural corpus,test,untampered,False,gguf,direct
383,2026-09-27T06:34:35.539907+00:00,0,128,tamper-corpus,sha256,1,True,True,5.8709,,,small generated structural corpus,test,untampered,False,gguf,direct
384,2026-09-27T06:34:35.545954+00:00,0,128,tamper-corpus,sha256,1,True,True,5.6651,,,small generated structural corpus,test,untampered,False,gguf,direct
385,2026-09-27T06:34:35.555932+00:00,0,128,tamper-corpus,sha256,1,True,True,8.7592,,,small generated structural corpus,test,untampered,False,gguf,direct
386,2026-09-27T06:34:35.565614+00:00,0,128,tamper-corpus,sha256,1,True,True,9.2457,,,small generated structural corpus,test,untampered,False,gguf,direct
387,2026-09-27T06:34:35.571235+00:00,0,128,tamper-corpus,sha256,1,True,True,4.5695,,,small generated structural corpus,test,untampered,False,gguf,direct
388,2026-09-27T06:34:35.576005+00:00,0,128,tamper-corpus,sha256,1,True,True,4.2385,,,small generated structural corpus,test,untampered,False,gguf,direct
389,2026-09-27T06:34:35.580502+00:00,0,128,tamper-corpus,sha256,1,True,True,4.0814,,,small generated structural corpus,test,untampered,False,gguf,direct
390,2026-09-27T06:34:35.586197+00:00,0,128,tamper-corpus,sha256,1,True,True,5.0073,,,small generated structural corpus,test,untampered,False,gguf,direct
391,2026-09-27T06:34:35.592593+00:00,0,128,tamper-corpus,sha256,1,True,True,5.6166,,,small generated structural corpus,test,untampered,False,gguf,direct
392,2026-09-27T06:34:35.599510+00:00,0,128,tamper-corpus,sha256,1,True,True,6.1019,,,small generated structural corpus,test,untampered,False,gguf,direct
393,2026-09-27T06:34:35.614082+00:00,0,128,tamper-corpus,sha256,1,True,True,13.4125,,,small generated structural corpus,test,untampered,False,gguf,direct
394,2026-09-27T06:34:35.621770+00:00,0,128,tamper-corpus,sha256,1,True,True,7.1884,,,small generated structural corpus,test,untampered,False,gguf,direct
395,2026-09-27T06:34:35.627028+00:00,0,128,tamper-corpus,sha256,1,True,True,4.3964,,,small generated structural corpus,test,untampered,False,gguf,direct
396,2026-09-27T06:34:35.633139+00:00,0,128,tamper-corpus,sha256,1,True,True,5.6612,,,small generated structural corpus,test,untampered,False,gguf,direct
397,2026-09-27T06:34:35.643521+00:00,0,128,tamper-corpus,sha256,1,True,True,9.7489,,,small generated structural corpus,test,untampered,False,gguf,direct
398,2026-09-27T06:34:35.666796+00:00,0,128,tamper-corpus,sha256,1,True,True,22.6808,,,small generated structural corpus,test,untampered,False,gguf,direct
399,2026-09-27T06:34:35.677068+00:00,0,128,tamper-corpus,sha256,1,True,True,9.6993,,,small generated structural corpus,test,untampered,False,gguf,direct
400,2026-09-27T06:34:35.684014+00:00,0,128,tamper-corpus,sha256,1,True,True,6.1248,,,small generated structural corpus,test,untampered,False,gguf,direct
401,2026-09-27T06:34:35.693715+00:00,0,128,tamper-corpus,sha256,1,True,True,9.0553,,,small generated structural corpus,test,untampered,False,gguf,direct
402,2026-09-27T06:34:35.706698+00:00,0,128,tamper-corpus,sha256,1,True,True,12.4784,,,small generated structural corpus,test,untampered,False,gguf,direct
403,2026-09-27T06:34:35.731469+00:00,0,128,tamper-corpus,sha256,1,True,True,23.1369,,,small generated structural corpus,test,untampered,False,gguf,direct
404,2026-09-27T06:34:35.738481+00:00,0,128,tamper-corpus,sha256,1,True,True,6.5167,,,small generated structural corpus,test,untampered,False,gguf,direct
405,2026-09-27T06:34:35.744177+00:00,0,128,tamper-corpus,sha256,1,True,True,5.0765,,,small generated structural corpus,test,untampered,False,gguf,direct
406,2026-09-27T06:34:35.749583+00:00,0,128,tamper-corpus,sha256,1,True,True,4.7243,,,small generated structural corpus,test,untampered,False,gguf,direct
407,2026-09-27T06:34:35.755834+00:00,0,128,tamper-corpus,sha256,1,True,True,5.8414,,,small generated structural corpus,test,untampered,False,gguf,direct
408,2026-09-27T06:34:35.760846+00:00,0,128,tamper-corpus,sha256,1,True,True,4.4403,,,small generated structural corpus,test,untampered,False,gguf,direct
409,2026-09-27T06:34:35.766939+00:00,0,128,tamper-corpus,sha256,1,True,True,5.651,,,small generated structural corpus,test,untampered,False,gguf,direct
410,2026-09-27T06:34:35.773553+00:00,0,128,tamper-corpus,sha256,1,True,True,5.9917,,,small generated structural corpus,test,untampered,False,gguf,direct
411,2026-09-27T06:34:35.778956+00:00,0,128,tamper-corpus,sha256,1,True,True,4.8188,,,small generated structural corpus,test,untampered,False,gguf,direct
412,2026-09-27T06:34:35.784205+00:00,0,128,tamper-corpus,sha256,1,True,True,4.7108,,,small generated structural corpus,test,untampered,False,gguf,direct
413,2026-09-27T06:34:35.790217+00:00,0,128,tamper-corpus,sha256,1,True,True,5.2383,,,small generated structural corpus,test,untampered,False,gguf,direct
414,2026-09-27T06:34:35.795836+00:00,0,128,tamper-corpus,sha256,1,True,True,4.8705,,,small generated structural corpus,test,untampered,False,gguf,direct
415,2026-09-27T06:34:35.801526+00:00,0,128,tamper-corpus,sha256,1,True,True,5.1209,,,small generated structural corpus,test,untampered,False,gguf,direct
416,2026-09-27T06:34:35.807376+00:00,0,128,tamper-corpus,sha256,1,True,True,5.3067,,,small generated structural corpus,test,untampered,False,gguf,direct
417,2026-09-27T06:34:35.812384+00:00,0,128,tamper-corpus,sha256,1,True,True,4.6324,,,small generated structural corpus,test,untampered,False,gguf,direct
418,2026-09-27T06:34:35.817760+00:00,0,128,tamper-corpus,sha256,1,True,True,4.8004,,,small generated structural corpus,test,untampered,False,gguf,direct
419,2026-09-27T06:34:35.824342+00:00,0,128,tamper-corpus,sha256,1,True,True,5.8607,,,small generated structural corpus,test,untampered,False,gguf,direct
420,2026-09-27T06:34:35.828830+00:00,0,128,tamper-corpus,sha256,1,True,True,4.1136,,,small generated structural corpus,test,untampered,False,gguf,direct
421,2026-09-27T06:34:35.834216+00:00,0,128,tamper-corpus,sha256,1,True,True,4.6347,,,small generated structural corpus,test,untampered,False,gguf,direct
422,2026-09-27T06:34:35.840017+00:00,0,128,tamper-corpus,sha256,1,True,True,5.3445,,,small generated structural corpus,test,untampered,False,gguf,direct
423,2026-09-27T06:34:35.845018+00:00,0,128,tamper-corpus,sha256,1,True,True,4.1521,,,small generated structural corpus,test,untampered,False,gguf,direct
424,2026-09-27T06:34:35.850280+00:00,0,128,tamper-corpus,sha256,1,True,True,4.9137,,,small generated structural corpus,test,untampered,False,gguf,direct
425,2026-09-27T06:34:35.857045+00:00,0,128,tamper-corpus,sha256,1,True,True,6.3448,,,small generated structural corpus,test,untampered,False,gguf,direct
426,2026-09-27T06:34:35.863477+00:00,0,128,tamper-corpus,sha256,1,True,True,5.6709,,,small generated structural corpus,test,untampered,False,gguf,direct
427,2026-09-27T06:34:35.868940+00:00,0,128,tamper-corpus,sha256,1,True,True,4.7616,,,small generated structural corpus,test,untampered,False,gguf,direct
428,2026-09-27T06:34:35.875532+00:00,0,128,tamper-corpus,sha256,1,True,True,5.8142,,,small generated structural corpus,test,untampered,False,gguf,direct
429,2026-09-27T06:34:35.880697+00:00,0,128,tamper-corpus,sha256,1,True,True,4.5345,,,small generated structural corpus,test,untampered,False,gguf,direct
430,2026-09-27T06:34:35.886153+00:00,0,128,tamper-corpus,sha256,1,True,True,4.7521,,,small generated structural corpus,test,untampered,False,gguf,direct
431,2026-09-27T06:34:35.892840+00:00,0,128,tamper-corpus,sha256,1,True,True,5.907,,,small generated structural corpus,test,untampered,False,gguf,direct
432,2026-09-27T06:34:35.898455+00:00,0,128,tamper-corpus,sha256,1,True,True,4.8635,,,small generated structural corpus,test,untampered,False,gguf,direct
433,2026-09-27T06:34:35.904173+00:00,0,128,tamper-corpus,sha256,1,True,True,5.2899,,,small generated structural corpus,test,untampered,False,gguf,direct
434,2026-09-27T06:34:35.909766+00:00,0,128,tamper-corpus,sha256,1,True,True,4.4638,,,small generated structural corpus,test,untampered,False,gguf,direct
435,2026-09-27T06:34:35.914886+00:00,0,128,tamper-corpus,sha256,1,True,True,4.4496,,,small generated structural corpus,test,untampered,False,gguf,direct
436,2026-09-27T06:34:35.920289+00:00,0,128,tamper-corpus,sha256,1,True,True,5.0253,,,small generated structural corpus,test,untampered,False,gguf,direct
437,2026-09-27T06:34:35.925976+00:00,0,128,tamper-corpus,sha256,1,True,True,5.2019,,,small generated structural corpus,test,untampered,False,gguf,direct
438,2026-09-27T06:34:35.931015+00:00,0,128,tamper-corpus,sha256,1,True,True,4.5522,,,small generated structural corpus,test,untampered,False,gguf,direct
439,2026-09-27T06:34:35.937207+00:00,0,128,tamper-corpus,sha256,1,True,True,5.545,,,small generated structural corpus,test,untampered,False,gguf,direct
440,2026-09-27T06:34:35.942951+00:00,0,128,tamper-corpus,sha256,1,True,True,5.1121,,,small generated structural corpus,test,untampered,False,gguf,direct
441,2026-09-27T06:34:35.948357+00:00,0,128,tamper-corpus,sha256,1,True,True,4.9497,,,small generated structural corpus,test,untampered,False,gguf,direct
442,2026-09-27T06:34:35.950852+00:00,0,128,tamper-corpus,sha256,1,True,False,2.0103,,,small generated structural corpus,test,untrusted_signature,True,gguf,direct
443,2026-09-27T06:34:35.956073+00:00,0,128,tamper-corpus,sha256,1,True,False,4.8063,,,small generated structural corpus,test,append,True,safetensors,direct
444,2026-09-27T06:34:35.959235+00:00,0,128,tamper-corpus,sha256,1,True,False,2.5303,,,small generated structural corpus,test,bom_entry_drift,True,safetensors,direct
445,2026-09-27T06:34:35.964296+00:00,0,128,tamper-corpus,sha256,1,True,False,4.5079,,,small generated structural corpus,test,dependency_swap,True,safetensors,direct
446,2026-09-27T06:34:35.969085+00:00,0,128,tamper-corpus,sha256,1,True,False,4.4217,,,small generated structural corpus,test,metadata_architecture_edit,True,safetensors,direct
447,2026-09-27T06:34:35.975347+00:00,0,128,tamper-corpus,sha256,1,True,False,5.7279,,,small generated structural corpus,test,metadata_chat_template_injection,True,safetensors,direct
448,2026-09-27T06:34:35.980184+00:00,0,128,tamper-corpus,sha256,1,True,False,4.2955,,,small generated structural corpus,test,metadata_tokenizer_edit,True,safetensors,direct
449,2026-09-27T06:34:35.983682+00:00,0,128,tamper-corpus,sha256,1,True,False,2.9844,,,small generated structural corpus,test,rollback_older_signed_version,True,safetensors,direct
450,2026-09-27T06:34:35.985484+00:00,0,128,tamper-corpus,sha256,1,True,False,1.4229,,,small generated structural corpus,test,signature_stripping,True,safetensors,direct
451,2026-09-27T06:34:35.992509+00:00,0,128,tamper-corpus,sha256,1,True,False,6.211,,,small generated structural corpus,test,single_bit_header,True,safetensors,direct
452,2026-09-27T06:34:35.997489+00:00,0,128,tamper-corpus,sha256,1,True,False,4.5857,,,small generated structural corpus,test,single_bit_weights,True,safetensors,direct
453,2026-09-27T06:34:36.003454+00:00,0,128,tamper-corpus,sha256,1,True,False,5.6055,,,small generated structural corpus,test,substitution_same_name,True,safetensors,direct
454,2026-09-27T06:34:36.009146+00:00,0,128,tamper-corpus,sha256,1,True,False,5.0768,,,small generated structural corpus,test,tensor_swap,True,safetensors,direct
455,2026-09-27T06:34:36.014268+00:00,0,128,tamper-corpus,sha256,1,True,False,4.766,,,small generated structural corpus,test,truncation,True,safetensors,direct
456,2026-09-27T06:34:36.019894+00:00,0,128,tamper-corpus,sha256,1,True,True,5.2052,,,small generated structural corpus,test,untampered,False,safetensors,direct
457,2026-09-27T06:34:36.023104+00:00,0,128,tamper-corpus,sha256,1,True,False,2.61,,,small generated structural corpus,test,untrusted_signature,True,safetensors,direct
